target,id
0,nxpucs3000
1,nxpucs3001
0,nxpucs3002
0,nxpucs3003
0,nxpucs3004
0,nxpucs3005
0,nxpucs3006
0,nxpucs3007
0,nxpucs3008
1,nxpucs3009
1,nxpucs3010
0,nxpucs3011
1,nxpucs3012
0,nxpucs3013
0,nxpucs3014
0,nxpucs3015
0,nxpucs3016
1,nxpucs3017
1,nxpucs3018
1,nxpucs3019
1,nxpucs3020
1,nxpucs3021
0,nxpucs3022
0,nxpucs3023
1,nxpucs3024
1,nxpucs3025
1,nxpucs3026
1,nxpucs3027
0,nxpucs3028
0,nxpucs3029
1,nxpucs3030
1,nxpucs3031
1,nxpucs3032
1,nxpucs3033
1,nxpucs3034
1,nxpucs3035
0,nxpucs3036
0,nxpucs3037
0,nxpucs3038
1,nxpucs3039
1,nxpucs3040
1,nxpucs3041
0,nxpucs3042
0,nxpucs3043
1,nxpucs3044
0,nxpucs3045
1,nxpucs3046
1,nxpucs3047
1,nxpucs3048
0,nxpucs3049
0,nxpucs3050
0,nxpucs3051
1,nxpucs3052
0,nxpucs3053
0,nxpucs3054
0,nxpucs3055
1,nxpucs3056
0,nxpucs3057
0,nxpucs3058
0,nxpucs3059
0,nxpucs3060
0,nxpucs3061
0,nxpucs3062
1,nxpucs3063
1,nxpucs3064
1,nxpucs3065
1,nxpucs3066
0,nxpucs3067
0,nxpucs3068
1,nxpucs3069
0,nxpucs3070
0,nxpucs3071
0,nxpucs3072
0,nxpucs3073
0,nxpucs3074
0,nxpucs3075
0,nxpucs3076
0,nxpucs3077
0,nxpucs3078
1,nxpucs3079
1,nxpucs3080
0,nxpucs3081
0,nxpucs3082
0,nxpucs3083
1,nxpucs3084
0,nxpucs3085
0,nxpucs3086
1,nxpucs3087
1,nxpucs3088
1,nxpucs3089
1,nxpucs3090
1,nxpucs3091
0,nxpucs3092
1,nxpucs3093
0,nxpucs3094
0,nxpucs3095
0,nxpucs3096
0,nxpucs3097
0,nxpucs3098
0,nxpucs3099
1,nxpucs3100
0,nxpucs3101
1,nxpucs3102
0,nxpucs3103
0,nxpucs3104
1,nxpucs3105
0,nxpucs3106
0,nxpucs3107
0,nxpucs3108
1,nxpucs3109
0,nxpucs3110
1,nxpucs3111
1,nxpucs3112
1,nxpucs3113
1,nxpucs3114
0,nxpucs3115
0,nxpucs3116
0,nxpucs3117
1,nxpucs3118
1,nxpucs3119
1,nxpucs3120
0,nxpucs3121
0,nxpucs3122
0,nxpucs3123
1,nxpucs3124
1,nxpucs3125
1,nxpucs3126
0,nxpucs3127
0,nxpucs3128
1,nxpucs3129
1,nxpucs3130
1,nxpucs3131
1,nxpucs3132
1,nxpucs3133
0,nxpucs3134
0,nxpucs3135
1,nxpucs3136
1,nxpucs3137
1,nxpucs3138
1,nxpucs3139
0,nxpucs3140
0,nxpucs3141
0,nxpucs3142
0,nxpucs3143
1,nxpucs3144
1,nxpucs3145
0,nxpucs3146
0,nxpucs3147
0,nxpucs3148
0,nxpucs3149
0,nxpucs3150
0,nxpucs3151
0,nxpucs3152
1,nxpucs3153
1,nxpucs3154
0,nxpucs3155
1,nxpucs3156
0,nxpucs3157
1,nxpucs3158
0,nxpucs3159
0,nxpucs3160
1,nxpucs3161
0,nxpucs3162
0,nxpucs3163
1,nxpucs3164
0,nxpucs3165
0,nxpucs3166
1,nxpucs3167
0,nxpucs3168
1,nxpucs3169
1,nxpucs3170
0,nxpucs3171
0,nxpucs3172
1,nxpucs3173
0,nxpucs3174
0,nxpucs3175
1,nxpucs3176
0,nxpucs3177
0,nxpucs3178
0,nxpucs3179
0,nxpucs3180
1,nxpucs3181
1,nxpucs3182
1,nxpucs3183
0,nxpucs3184
0,nxpucs3185
0,nxpucs3186
0,nxpucs3187
0,nxpucs3188
0,nxpucs3189
0,nxpucs3190
0,nxpucs3191
0,nxpucs3192
0,nxpucs3193
1,nxpucs3194
1,nxpucs3195
0,nxpucs3196
0,nxpucs3197
1,nxpucs3198
0,nxpucs3199
1,nxpucs3200
1,nxpucs3201
1,nxpucs3202
1,nxpucs3203
0,nxpucs3204
1,nxpucs3205
0,nxpucs3206
1,nxpucs3207
0,nxpucs3208
1,nxpucs3209
1,nxpucs3210
0,nxpucs3211
0,nxpucs3212
0,nxpucs3213
1,nxpucs3214
1,nxpucs3215
0,nxpucs3216
1,nxpucs3217
1,nxpucs3218
0,nxpucs3219
0,nxpucs3220
0,nxpucs3221
0,nxpucs3222
1,nxpucs3223
0,nxpucs3224
1,nxpucs3225
1,nxpucs3226
0,nxpucs3227
0,nxpucs3228
1,nxpucs3229
1,nxpucs3230
0,nxpucs3231
0,nxpucs3232
0,nxpucs3233
1,nxpucs3234
0,nxpucs3235
0,nxpucs3236
0,nxpucs3237
0,nxpucs3238
0,nxpucs3239
1,nxpucs3240
0,nxpucs3241
0,nxpucs3242
1,nxpucs3243
0,nxpucs3244
1,nxpucs3245
1,nxpucs3246
0,nxpucs3247
0,nxpucs3248
0,nxpucs3249
0,nxpucs3250
1,nxpucs3251
0,nxpucs3252
0,nxpucs3253
0,nxpucs3254
0,nxpucs3255
0,nxpucs3256
1,nxpucs3257
0,nxpucs3258
0,nxpucs3259
0,nxpucs3260
0,nxpucs3261
0,nxpucs3262
0,nxpucs3263
1,nxpucs3264
1,nxpucs3265
1,nxpucs3266
0,nxpucs3267
1,nxpucs3268
1,nxpucs3269
1,nxpucs3270
0,nxpucs3271
0,nxpucs3272
0,nxpucs3273
0,nxpucs3274
0,nxpucs3275
1,nxpucs3276
0,nxpucs3277
0,nxpucs3278
1,nxpucs3279
1,nxpucs3280
0,nxpucs3281
0,nxpucs3282
0,nxpucs3283
0,nxpucs3284
0,nxpucs3285
0,nxpucs3286
0,nxpucs3287
1,nxpucs3288
1,nxpucs3289
0,nxpucs3290
1,nxpucs3291
0,nxpucs3292
1,nxpucs3293
1,nxpucs3294
0,nxpucs3295
0,nxpucs3296
0,nxpucs3297
0,nxpucs3298
1,nxpucs3299
1,nxpucs3300
0,nxpucs3301
1,nxpucs3302
1,nxpucs3303
0,nxpucs3304
0,nxpucs3305
1,nxpucs3306
0,nxpucs3307
0,nxpucs3308
0,nxpucs3309
1,nxpucs3310
1,nxpucs3311
0,nxpucs3312
1,nxpucs3313
0,nxpucs3314
0,nxpucs3315
1,nxpucs3316
0,nxpucs3317
0,nxpucs3318
1,nxpucs3319
0,nxpucs3320
0,nxpucs3321
0,nxpucs3322
1,nxpucs3323
0,nxpucs3324
1,nxpucs3325
0,nxpucs3326
0,nxpucs3327
1,nxpucs3328
0,nxpucs3329
0,nxpucs3330
1,nxpucs3331
1,nxpucs3332
1,nxpucs3333
1,nxpucs3334
0,nxpucs3335
0,nxpucs3336
0,nxpucs3337
0,nxpucs3338
0,nxpucs3339
1,nxpucs3340
1,nxpucs3341
0,nxpucs3342
0,nxpucs3343
0,nxpucs3344
1,nxpucs3345
1,nxpucs3346
1,nxpucs3347
1,nxpucs3348
1,nxpucs3349
0,nxpucs3350
0,nxpucs3351
0,nxpucs3352
0,nxpucs3353
0,nxpucs3354
1,nxpucs3355
0,nxpucs3356
1,nxpucs3357
1,nxpucs3358
1,nxpucs3359
1,nxpucs3360
0,nxpucs3361
1,nxpucs3362
1,nxpucs3363
0,nxpucs3364
1,nxpucs3365
0,nxpucs3366
1,nxpucs3367
0,nxpucs3368
0,nxpucs3369
0,nxpucs3370
0,nxpucs3371
0,nxpucs3372
0,nxpucs3373
0,nxpucs3374
1,nxpucs3375
0,nxpucs3376
0,nxpucs3377
0,nxpucs3378
0,nxpucs3379
0,nxpucs3380
0,nxpucs3381
1,nxpucs3382
0,nxpucs3383
1,nxpucs3384
0,nxpucs3385
0,nxpucs3386
1,nxpucs3387
1,nxpucs3388
0,nxpucs3389
1,nxpucs3390
1,nxpucs3391
1,nxpucs3392
1,nxpucs3393
0,nxpucs3394
1,nxpucs3395
0,nxpucs3396
1,nxpucs3397
0,nxpucs3398
1,nxpucs3399
0,nxpucs3400
1,nxpucs3401
0,nxpucs3402
0,nxpucs3403
0,nxpucs3404
1,nxpucs3405
0,nxpucs3406
1,nxpucs3407
0,nxpucs3408
0,nxpucs3409
0,nxpucs3410
0,nxpucs3411
0,nxpucs3412
0,nxpucs3413
1,nxpucs3414
1,nxpucs3415
0,nxpucs3416
0,nxpucs3417
1,nxpucs3418
0,nxpucs3419
1,nxpucs3420
0,nxpucs3421
0,nxpucs3422
0,nxpucs3423
0,nxpucs3424
0,nxpucs3425
1,nxpucs3426
0,nxpucs3427
1,nxpucs3428
0,nxpucs3429
0,nxpucs3430
1,nxpucs3431
0,nxpucs3432
0,nxpucs3433
1,nxpucs3434
0,nxpucs3435
1,nxpucs3436
1,nxpucs3437
0,nxpucs3438
1,nxpucs3439
1,nxpucs3440
0,nxpucs3441
0,nxpucs3442
1,nxpucs3443
1,nxpucs3444
0,nxpucs3445
1,nxpucs3446
0,nxpucs3447
0,nxpucs3448
0,nxpucs3449
0,nxpucs3450
1,nxpucs3451
0,nxpucs3452
1,nxpucs3453
0,nxpucs3454
0,nxpucs3455
0,nxpucs3456
0,nxpucs3457
0,nxpucs3458
0,nxpucs3459
1,nxpucs3460
0,nxpucs3461
1,nxpucs3462
1,nxpucs3463
0,nxpucs3464
0,nxpucs3465
1,nxpucs3466
0,nxpucs3467
0,nxpucs3468
1,nxpucs3469
0,nxpucs3470
0,nxpucs3471
0,nxpucs3472
1,nxpucs3473
1,nxpucs3474
1,nxpucs3475
0,nxpucs3476
1,nxpucs3477
1,nxpucs3478
1,nxpucs3479
0,nxpucs3480
1,nxpucs3481
1,nxpucs3482
1,nxpucs3483
1,nxpucs3484
0,nxpucs3485
1,nxpucs3486
1,nxpucs3487
1,nxpucs3488
1,nxpucs3489
1,nxpucs3490
1,nxpucs3491
1,nxpucs3492
1,nxpucs3493
1,nxpucs3494
0,nxpucs3495
1,nxpucs3496
1,nxpucs3497
1,nxpucs3498
1,nxpucs3499
1,nxpucs3500
1,nxpucs3501
1,nxpucs3502
1,nxpucs3503
1,nxpucs3504
1,nxpucs3505
1,nxpucs3506
1,nxpucs3507
1,nxpucs3508
1,nxpucs3509
1,nxpucs3510
1,nxpucs3511
1,nxpucs3512
1,nxpucs3513
1,nxpucs3514
1,nxpucs3515
1,nxpucs3516
1,nxpucs3517
1,nxpucs3518
1,nxpucs3519
1,nxpucs3520
1,nxpucs3521
1,nxpucs3522
1,nxpucs3523
1,nxpucs3524
1,nxpucs3525
1,nxpucs3526
1,nxpucs3527
1,nxpucs3528
1,nxpucs3529
1,nxpucs3530
1,nxpucs3531
1,nxpucs3532
1,nxpucs3533
0,nxpucs3534
1,nxpucs3535
1,nxpucs3536
0,nxpucs3537
1,nxpucs3538
0,nxpucs3539
1,nxpucs3540
1,nxpucs3541
1,nxpucs3542
1,nxpucs3543
1,nxpucs3544
1,nxpucs3545
1,nxpucs3546
1,nxpucs3547
1,nxpucs3548
1,nxpucs3549
1,nxpucs3550
1,nxpucs3551
1,nxpucs3552
1,nxpucs3553
1,nxpucs3554
0,nxpucs3555
1,nxpucs3556
1,nxpucs3557
1,nxpucs3558
1,nxpucs3559
1,nxpucs3560
1,nxpucs3561
1,nxpucs3562
1,nxpucs3563
1,nxpucs3564
1,nxpucs3565
1,nxpucs3566
1,nxpucs3567
1,nxpucs3568
1,nxpucs3569
1,nxpucs3570
1,nxpucs3571
1,nxpucs3572
1,nxpucs3573
1,nxpucs3574
1,nxpucs3575
1,nxpucs3576
1,nxpucs3577
1,nxpucs3578
1,nxpucs3579
1,nxpucs3580
1,nxpucs3581
1,nxpucs3582
0,nxpucs3583
0,nxpucs3584
1,nxpucs3585
1,nxpucs3586
1,nxpucs3587
1,nxpucs3588
0,nxpucs3589
1,nxpucs3590
0,nxpucs3591
1,nxpucs3592
1,nxpucs3593
1,nxpucs3594
0,nxpucs3595
1,nxpucs3596
1,nxpucs3597
1,nxpucs3598
1,nxpucs3599
1,nxpucs3600
1,nxpucs3601
1,nxpucs3602
0,nxpucs3603
1,nxpucs3604
1,nxpucs3605
1,nxpucs3606
1,nxpucs3607
1,nxpucs3608
1,nxpucs3609
1,nxpucs3610
1,nxpucs3611
1,nxpucs3612
1,nxpucs3613
0,nxpucs3614
1,nxpucs3615
1,nxpucs3616
0,nxpucs3617
1,nxpucs3618
1,nxpucs3619
1,nxpucs3620
1,nxpucs3621
0,nxpucs3622
1,nxpucs3623
1,nxpucs3624
1,nxpucs3625
1,nxpucs3626
1,nxpucs3627
1,nxpucs3628
1,nxpucs3629
1,nxpucs3630
1,nxpucs3631
0,nxpucs3632
1,nxpucs3633
1,nxpucs3634
1,nxpucs3635
1,nxpucs3636
1,nxpucs3637
0,nxpucs3638
0,nxpucs3639
1,nxpucs3640
1,nxpucs3641
1,nxpucs3642
1,nxpucs3643
0,nxpucs3644
1,nxpucs3645
1,nxpucs3646
1,nxpucs3647
1,nxpucs3648
1,nxpucs3649
0,nxpucs3650
1,nxpucs3651
1,nxpucs3652
0,nxpucs3653
1,nxpucs3654
1,nxpucs3655
0,nxpucs3656
0,nxpucs3657
1,nxpucs3658
1,nxpucs3659
1,nxpucs3660
1,nxpucs3661
1,nxpucs3662
1,nxpucs3663
1,nxpucs3664
1,nxpucs3665
0,nxpucs3666
1,nxpucs3667
1,nxpucs3668
1,nxpucs3669
1,nxpucs3670
1,nxpucs3671
1,nxpucs3672
1,nxpucs3673
1,nxpucs3674
0,nxpucs3675
1,nxpucs3676
1,nxpucs3677
1,nxpucs3678
1,nxpucs3679
1,nxpucs3680
1,nxpucs3681
1,nxpucs3682
1,nxpucs3683
1,nxpucs3684
1,nxpucs3685
1,nxpucs3686
1,nxpucs3687
1,nxpucs3688
1,nxpucs3689
1,nxpucs3690
0,nxpucs3691
0,nxpucs3692
1,nxpucs3693
1,nxpucs3694
1,nxpucs3695
1,nxpucs3696
1,nxpucs3697
1,nxpucs3698
1,nxpucs3699
1,nxpucs3700
1,nxpucs3701
1,nxpucs3702
1,nxpucs3703
1,nxpucs3704
1,nxpucs3705
1,nxpucs3706
1,nxpucs3707
1,nxpucs3708
1,nxpucs3709
1,nxpucs3710
1,nxpucs3711
0,nxpucs3712
1,nxpucs3713
1,nxpucs3714
1,nxpucs3715
1,nxpucs3716
1,nxpucs3717
1,nxpucs3718
1,nxpucs3719
1,nxpucs3720
1,nxpucs3721
1,nxpucs3722
1,nxpucs3723
1,nxpucs3724
1,nxpucs3725
0,nxpucs3726
1,nxpucs3727
1,nxpucs3728
1,nxpucs3729
1,nxpucs3730
1,nxpucs3731
1,nxpucs3732
1,nxpucs3733
1,nxpucs3734
1,nxpucs3735
1,nxpucs3736
1,nxpucs3737
1,nxpucs3738
1,nxpucs3739
1,nxpucs3740
0,nxpucs3741
0,nxpucs3742
0,nxpucs3743
1,nxpucs3744
1,nxpucs3745
1,nxpucs3746
0,nxpucs3747
1,nxpucs3748
1,nxpucs3749
1,nxpucs3750
1,nxpucs3751
1,nxpucs3752
1,nxpucs3753
1,nxpucs3754
1,nxpucs3755
1,nxpucs3756
1,nxpucs3757
1,nxpucs3758
1,nxpucs3759
0,nxpucs3760
1,nxpucs3761
1,nxpucs3762
1,nxpucs3763
1,nxpucs3764
1,nxpucs3765
1,nxpucs3766
0,nxpucs3767
1,nxpucs3768
1,nxpucs3769
1,nxpucs3770
1,nxpucs3771
1,nxpucs3772
1,nxpucs3773
1,nxpucs3774
1,nxpucs3775
1,nxpucs3776
1,nxpucs3777
1,nxpucs3778
1,nxpucs3779
1,nxpucs3780
1,nxpucs3781
1,nxpucs3782
1,nxpucs3783
1,nxpucs3784
1,nxpucs3785
1,nxpucs3786
1,nxpucs3787
1,nxpucs3788
1,nxpucs3789
0,nxpucs3790
1,nxpucs3791
1,nxpucs3792
1,nxpucs3793
1,nxpucs3794
1,nxpucs3795
1,nxpucs3796
1,nxpucs3797
1,nxpucs3798
1,nxpucs3799
1,nxpucs3800
1,nxpucs3801
1,nxpucs3802
1,nxpucs3803
1,nxpucs3804
1,nxpucs3805
1,nxpucs3806
1,nxpucs3807
0,nxpucs3808
1,nxpucs3809
1,nxpucs3810
1,nxpucs3811
1,nxpucs3812
1,nxpucs3813
1,nxpucs3814
1,nxpucs3815
0,nxpucs3816
1,nxpucs3817
1,nxpucs3818
1,nxpucs3819
1,nxpucs3820
1,nxpucs3821
0,nxpucs3822
0,nxpucs3823
1,nxpucs3824
1,nxpucs3825
1,nxpucs3826
1,nxpucs3827
1,nxpucs3828
1,nxpucs3829
0,nxpucs3830
1,nxpucs3831
1,nxpucs3832
1,nxpucs3833
1,nxpucs3834
1,nxpucs3835
1,nxpucs3836
1,nxpucs3837
1,nxpucs3838
1,nxpucs3839
1,nxpucs3840
1,nxpucs3841
1,nxpucs3842
1,nxpucs3843
0,nxpucs3844
0,nxpucs3845
1,nxpucs3846
1,nxpucs3847
1,nxpucs3848
0,nxpucs3849
1,nxpucs3850
1,nxpucs3851
1,nxpucs3852
1,nxpucs3853
1,nxpucs3854
0,nxpucs3855
1,nxpucs3856
0,nxpucs3857
1,nxpucs3858
1,nxpucs3859
1,nxpucs3860
1,nxpucs3861
1,nxpucs3862
1,nxpucs3863
1,nxpucs3864
1,nxpucs3865
1,nxpucs3866
1,nxpucs3867
1,nxpucs3868
1,nxpucs3869
1,nxpucs3870
1,nxpucs3871
1,nxpucs3872
0,nxpucs3873
1,nxpucs3874
1,nxpucs3875
0,nxpucs3876
1,nxpucs3877
1,nxpucs3878
1,nxpucs3879
1,nxpucs3880
1,nxpucs3881
1,nxpucs3882
1,nxpucs3883
1,nxpucs3884
1,nxpucs3885
1,nxpucs3886
1,nxpucs3887
1,nxpucs3888
0,nxpucs3889
1,nxpucs3890
1,nxpucs3891
1,nxpucs3892
1,nxpucs3893
0,nxpucs3894
1,nxpucs3895
1,nxpucs3896
1,nxpucs3897
1,nxpucs3898
1,nxpucs3899
1,nxpucs3900
1,nxpucs3901
1,nxpucs3902
1,nxpucs3903
1,nxpucs3904
0,nxpucs3905
0,nxpucs3906
1,nxpucs3907
1,nxpucs3908
1,nxpucs3909
1,nxpucs3910
1,nxpucs3911
1,nxpucs3912
1,nxpucs3913
1,nxpucs3914
1,nxpucs3915
1,nxpucs3916
1,nxpucs3917
1,nxpucs3918
1,nxpucs3919
1,nxpucs3920
0,nxpucs3921
1,nxpucs3922
1,nxpucs3923
1,nxpucs3924
1,nxpucs3925
1,nxpucs3926
0,nxpucs3927
1,nxpucs3928
1,nxpucs3929
1,nxpucs3930
1,nxpucs3931
1,nxpucs3932
1,nxpucs3933
1,nxpucs3934
1,nxpucs3935
1,nxpucs3936
1,nxpucs3937
1,nxpucs3938
0,nxpucs3939
1,nxpucs3940
1,nxpucs3941
1,nxpucs3942
1,nxpucs3943
1,nxpucs3944
1,nxpucs3945
1,nxpucs3946
1,nxpucs3947
1,nxpucs3948
1,nxpucs3949
1,nxpucs3950
0,nxpucs3951
0,nxpucs3952
1,nxpucs3953
1,nxpucs3954
1,nxpucs3955
1,nxpucs3956
1,nxpucs3957
1,nxpucs3958
1,nxpucs3959
1,nxpucs3960
0,nxpucs3961
0,nxpucs3962
1,nxpucs3963
0,nxpucs3964
1,nxpucs3965
1,nxpucs3966
1,nxpucs3967
1,nxpucs3968
0,nxpucs3969
1,nxpucs3970
1,nxpucs3971
1,nxpucs3972
1,nxpucs3973
1,nxpucs3974
1,nxpucs3975
1,nxpucs3976
1,nxpucs3977
1,nxpucs3978
1,nxpucs3979
1,nxpucs3980
1,nxpucs3981
0,nxpucs3982
1,nxpucs3983
0,nxpucs3984
1,nxpucs3985
1,nxpucs3986
1,nxpucs3987
1,nxpucs3988
1,nxpucs3989
1,nxpucs3990
1,nxpucs3991
1,nxpucs3992
0,nxpucs3993
0,nxpucs3994
0,nxpucs3995
1,nxpucs3996
1,nxpucs3997
1,nxpucs3998
1,nxpucs3999
1,nxpucs4000
1,nxpucs4001
1,nxpucs4002
1,nxpucs4003
1,nxpucs4004
1,nxpucs4005
0,nxpucs4006
1,nxpucs4007
1,nxpucs4008
1,nxpucs4009
1,nxpucs4010
1,nxpucs4011
0,nxpucs4012
1,nxpucs4013
0,nxpucs4014
1,nxpucs4015
1,nxpucs4016
1,nxpucs4017
1,nxpucs4018
1,nxpucs4019
0,nxpucs4020
1,nxpucs4021
1,nxpucs4022
1,nxpucs4023
0,nxpucs4024
1,nxpucs4025
1,nxpucs4026
1,nxpucs4027
1,nxpucs4028
1,nxpucs4029
1,nxpucs4030
1,nxpucs4031
0,nxpucs4032
1,nxpucs4033
0,nxpucs4034
1,nxpucs4035
1,nxpucs4036
0,nxpucs4037
1,nxpucs4038
0,nxpucs4039
0,nxpucs4040
1,nxpucs4041
1,nxpucs4042
1,nxpucs4043
0,nxpucs4044
1,nxpucs4045
1,nxpucs4046
1,nxpucs4047
1,nxpucs4048
1,nxpucs4049
1,nxpucs4050
0,nxpucs4051
1,nxpucs4052
1,nxpucs4053
1,nxpucs4054
1,nxpucs4055
0,nxpucs4056
1,nxpucs4057
1,nxpucs4058
1,nxpucs4059
1,nxpucs4060
1,nxpucs4061
1,nxpucs4062
1,nxpucs4063
1,nxpucs4064
1,nxpucs4065
1,nxpucs4066
1,nxpucs4067
1,nxpucs4068
1,nxpucs4069
0,nxpucs4070
1,nxpucs4071
1,nxpucs4072
1,nxpucs4073
1,nxpucs4074
1,nxpucs4075
1,nxpucs4076
1,nxpucs4077
0,nxpucs4078
0,nxpucs4079
1,nxpucs4080
1,nxpucs4081
0,nxpucs4082
1,nxpucs4083
1,nxpucs4084
1,nxpucs4085
1,nxpucs4086
1,nxpucs4087
1,nxpucs4088
0,nxpucs4089
1,nxpucs4090
1,nxpucs4091
1,nxpucs4092
1,nxpucs4093
1,nxpucs4094
0,nxpucs4095
1,nxpucs4096
1,nxpucs4097
0,nxpucs4098
1,nxpucs4099
1,nxpucs4100
0,nxpucs4101
1,nxpucs4102
1,nxpucs4103
1,nxpucs4104
1,nxpucs4105
1,nxpucs4106
1,nxpucs4107
1,nxpucs4108
1,nxpucs4109
1,nxpucs4110
1,nxpucs4111
1,nxpucs4112
1,nxpucs4113
1,nxpucs4114
1,nxpucs4115
1,nxpucs4116
1,nxpucs4117
1,nxpucs4118
1,nxpucs4119
1,nxpucs4120
1,nxpucs4121
0,nxpucs4122
1,nxpucs4123
1,nxpucs4124
1,nxpucs4125
1,nxpucs4126
1,nxpucs4127
1,nxpucs4128
1,nxpucs4129
1,nxpucs4130
1,nxpucs4131
1,nxpucs4132
1,nxpucs4133
1,nxpucs4134
1,nxpucs4135
1,nxpucs4136
0,nxpucs4137
0,nxpucs4138
0,nxpucs4139
1,nxpucs4140
1,nxpucs4141
1,nxpucs4142
1,nxpucs4143
1,nxpucs4144
1,nxpucs4145
1,nxpucs4146
0,nxpucs4147
0,nxpucs4148
1,nxpucs4149
1,nxpucs4150
1,nxpucs4151
1,nxpucs4152
1,nxpucs4153
1,nxpucs4154
1,nxpucs4155
1,nxpucs4156
1,nxpucs4157
1,nxpucs4158
1,nxpucs4159
1,nxpucs4160
1,nxpucs4161
1,nxpucs4162
1,nxpucs4163
1,nxpucs4164
1,nxpucs4165
1,nxpucs4166
1,nxpucs4167
1,nxpucs4168
1,nxpucs4169
1,nxpucs4170
1,nxpucs4171
1,nxpucs4172
0,nxpucs4173
1,nxpucs4174
1,nxpucs4175
1,nxpucs4176
1,nxpucs4177
1,nxpucs4178
1,nxpucs4179
1,nxpucs4180
1,nxpucs4181
1,nxpucs4182
1,nxpucs4183
1,nxpucs4184
1,nxpucs4185
1,nxpucs4186
0,nxpucs4187
0,nxpucs4188
1,nxpucs4189
0,nxpucs4190
1,nxpucs4191
1,nxpucs4192
1,nxpucs4193
1,nxpucs4194
1,nxpucs4195
1,nxpucs4196
1,nxpucs4197
1,nxpucs4198
1,nxpucs4199
1,nxpucs4200
1,nxpucs4201
1,nxpucs4202
1,nxpucs4203
1,nxpucs4204
1,nxpucs4205
1,nxpucs4206
1,nxpucs4207
1,nxpucs4208
1,nxpucs4209
1,nxpucs4210
1,nxpucs4211
1,nxpucs4212
1,nxpucs4213
0,nxpucs4214
1,nxpucs4215
1,nxpucs4216
1,nxpucs4217
1,nxpucs4218
1,nxpucs4219
1,nxpucs4220
1,nxpucs4221
1,nxpucs4222
1,nxpucs4223
1,nxpucs4224
1,nxpucs4225
1,nxpucs4226
0,nxpucs4227
1,nxpucs4228
1,nxpucs4229
1,nxpucs4230
1,nxpucs4231
0,nxpucs4232
1,nxpucs4233
1,nxpucs4234
1,nxpucs4235
1,nxpucs4236
1,nxpucs4237
1,nxpucs4238
1,nxpucs4239
1,nxpucs4240
1,nxpucs4241
1,nxpucs4242
1,nxpucs4243
1,nxpucs4244
1,nxpucs4245
1,nxpucs4246
1,nxpucs4247
1,nxpucs4248
1,nxpucs4249
1,nxpucs4250
1,nxpucs4251
0,nxpucs4252
1,nxpucs4253
1,nxpucs4254
1,nxpucs4255
1,nxpucs4256
1,nxpucs4257
1,nxpucs4258
1,nxpucs4259
1,nxpucs4260
1,nxpucs4261
1,nxpucs4262
1,nxpucs4263
1,nxpucs4264
1,nxpucs4265
1,nxpucs4266
1,nxpucs4267
1,nxpucs4268
1,nxpucs4269
1,nxpucs4270
0,nxpucs4271
1,nxpucs4272
1,nxpucs4273
1,nxpucs4274
1,nxpucs4275
1,nxpucs4276
1,nxpucs4277
0,nxpucs4278
1,nxpucs4279
1,nxpucs4280
1,nxpucs4281
1,nxpucs4282
1,nxpucs4283
0,nxpucs4284
1,nxpucs4285
1,nxpucs4286
1,nxpucs4287
1,nxpucs4288
1,nxpucs4289
1,nxpucs4290
1,nxpucs4291
1,nxpucs4292
1,nxpucs4293
1,nxpucs4294
1,nxpucs4295
1,nxpucs4296
1,nxpucs4297
1,nxpucs4298
1,nxpucs4299
1,nxpucs4300
1,nxpucs4301
1,nxpucs4302
1,nxpucs4303
1,nxpucs4304
1,nxpucs4305
0,nxpucs4306
1,nxpucs4307
1,nxpucs4308
1,nxpucs4309
0,nxpucs4310
1,nxpucs4311
1,nxpucs4312
1,nxpucs4313
1,nxpucs4314
1,nxpucs4315
1,nxpucs4316
1,nxpucs4317
1,nxpucs4318
1,nxpucs4319
1,nxpucs4320
1,nxpucs4321
0,nxpucs4322
1,nxpucs4323
1,nxpucs4324
1,nxpucs4325
1,nxpucs4326
1,nxpucs4327
1,nxpucs4328
1,nxpucs4329
0,nxpucs4330
0,nxpucs4331
1,nxpucs4332
1,nxpucs4333
1,nxpucs4334
1,nxpucs4335
1,nxpucs4336
1,nxpucs4337
1,nxpucs4338
1,nxpucs4339
1,nxpucs4340
1,nxpucs4341
1,nxpucs4342
1,nxpucs4343
1,nxpucs4344
1,nxpucs4345
1,nxpucs4346
1,nxpucs4347
1,nxpucs4348
1,nxpucs4349
1,nxpucs4350
1,nxpucs4351
0,nxpucs4352
1,nxpucs4353
1,nxpucs4354
1,nxpucs4355
0,nxpucs4356
1,nxpucs4357
1,nxpucs4358
1,nxpucs4359
1,nxpucs4360
0,nxpucs4361
1,nxpucs4362
1,nxpucs4363
1,nxpucs4364
0,nxpucs4365
1,nxpucs4366
1,nxpucs4367
0,nxpucs4368
1,nxpucs4369
1,nxpucs4370
1,nxpucs4371
1,nxpucs4372
1,nxpucs4373
1,nxpucs4374
1,nxpucs4375
1,nxpucs4376
0,nxpucs4377
1,nxpucs4378
1,nxpucs4379
1,nxpucs4380
1,nxpucs4381
1,nxpucs4382
1,nxpucs4383
1,nxpucs4384
1,nxpucs4385
0,nxpucs4386
1,nxpucs4387
1,nxpucs4388
1,nxpucs4389
1,nxpucs4390
1,nxpucs4391
1,nxpucs4392
1,nxpucs4393
1,nxpucs4394
1,nxpucs4395
1,nxpucs4396
0,nxpucs4397
1,nxpucs4398
1,nxpucs4399
0,nxpucs4400
1,nxpucs4401
1,nxpucs4402
1,nxpucs4403
0,nxpucs4404
1,nxpucs4405
1,nxpucs4406
0,nxpucs4407
1,nxpucs4408
1,nxpucs4409
1,nxpucs4410
1,nxpucs4411
1,nxpucs4412
0,nxpucs4413
1,nxpucs4414
1,nxpucs4415
1,nxpucs4416
1,nxpucs4417
1,nxpucs4418
1,nxpucs4419
1,nxpucs4420
1,nxpucs4421
1,nxpucs4422
1,nxpucs4423
0,nxpucs4424
0,nxpucs4425
1,nxpucs4426
1,nxpucs4427
1,nxpucs4428
0,nxpucs4429
1,nxpucs4430
1,nxpucs4431
1,nxpucs4432
1,nxpucs4433
0,nxpucs4434
1,nxpucs4435
1,nxpucs4436
1,nxpucs4437
1,nxpucs4438
1,nxpucs4439
1,nxpucs4440
1,nxpucs4441
1,nxpucs4442
1,nxpucs4443
1,nxpucs4444
1,nxpucs4445
1,nxpucs4446
1,nxpucs4447
1,nxpucs4448
1,nxpucs4449
1,nxpucs4450
1,nxpucs4451
1,nxpucs4452
1,nxpucs4453
0,nxpucs4454
0,nxpucs4455
1,nxpucs4456
0,nxpucs4457
1,nxpucs4458
1,nxpucs4459
1,nxpucs4460
1,nxpucs4461
1,nxpucs4462
1,nxpucs4463
1,nxpucs4464
1,nxpucs4465
1,nxpucs4466
1,nxpucs4467
1,nxpucs4468
1,nxpucs4469
1,nxpucs4470
1,nxpucs4471
1,nxpucs4472
1,nxpucs4473
1,nxpucs4474
1,nxpucs4475
1,nxpucs4476
1,nxpucs4477
1,nxpucs4478
1,nxpucs4479
1,nxpucs4480
1,nxpucs4481
0,nxpucs4482
1,nxpucs4483
1,nxpucs4484
1,nxpucs4485
1,nxpucs4486
1,nxpucs4487
1,nxpucs4488
1,nxpucs4489
0,nxpucs4490
1,nxpucs4491
1,nxpucs4492
0,nxpucs4493
1,nxpucs4494
1,nxpucs4495
1,nxpucs4496
1,nxpucs4497
1,nxpucs4498
1,nxpucs4499
1,nxpucs4500
1,nxpucs4501
1,nxpucs4502
1,nxpucs4503
1,nxpucs4504
1,nxpucs4505
1,nxpucs4506
1,nxpucs4507
1,nxpucs4508
1,nxpucs4509
1,nxpucs4510
1,nxpucs4511
1,nxpucs4512
1,nxpucs4513
1,nxpucs4514
1,nxpucs4515
1,nxpucs4516
1,nxpucs4517
1,nxpucs4518
1,nxpucs4519
1,nxpucs4520
1,nxpucs4521
1,nxpucs4522
0,nxpucs4523
1,nxpucs4524
1,nxpucs4525
1,nxpucs4526
1,nxpucs4527
1,nxpucs4528
1,nxpucs4529
1,nxpucs4530
1,nxpucs4531
1,nxpucs4532
1,nxpucs4533
1,nxpucs4534
1,nxpucs4535
1,nxpucs4536
1,nxpucs4537
1,nxpucs4538
1,nxpucs4539
1,nxpucs4540
1,nxpucs4541
1,nxpucs4542
1,nxpucs4543
1,nxpucs4544
1,nxpucs4545
1,nxpucs4546
1,nxpucs4547
1,nxpucs4548
1,nxpucs4549
1,nxpucs4550
0,nxpucs4551
1,nxpucs4552
1,nxpucs4553
1,nxpucs4554
1,nxpucs4555
1,nxpucs4556
1,nxpucs4557
1,nxpucs4558
1,nxpucs4559
1,nxpucs4560
1,nxpucs4561
1,nxpucs4562
1,nxpucs4563
1,nxpucs4564
1,nxpucs4565
1,nxpucs4566
1,nxpucs4567
0,nxpucs4568
1,nxpucs4569
1,nxpucs4570
1,nxpucs4571
1,nxpucs4572
1,nxpucs4573
1,nxpucs4574
1,nxpucs4575
1,nxpucs4576
1,nxpucs4577
1,nxpucs4578
1,nxpucs4579
1,nxpucs4580
1,nxpucs4581
1,nxpucs4582
1,nxpucs4583
1,nxpucs4584
1,nxpucs4585
1,nxpucs4586
1,nxpucs4587
0,nxpucs4588
1,nxpucs4589
1,nxpucs4590
1,nxpucs4591
1,nxpucs4592
1,nxpucs4593
1,nxpucs4594
1,nxpucs4595
1,nxpucs4596
1,nxpucs4597
1,nxpucs4598
1,nxpucs4599
1,nxpucs4600
1,nxpucs4601
1,nxpucs4602
1,nxpucs4603
1,nxpucs4604
1,nxpucs4605
1,nxpucs4606
1,nxpucs4607
1,nxpucs4608
1,nxpucs4609
1,nxpucs4610
1,nxpucs4611
1,nxpucs4612
1,nxpucs4613
1,nxpucs4614
1,nxpucs4615
1,nxpucs4616
0,nxpucs4617
1,nxpucs4618
1,nxpucs4619
1,nxpucs4620
1,nxpucs4621
1,nxpucs4622
1,nxpucs4623
1,nxpucs4624
1,nxpucs4625
1,nxpucs4626
1,nxpucs4627
1,nxpucs4628
1,nxpucs4629
1,nxpucs4630
1,nxpucs4631
1,nxpucs4632
1,nxpucs4633
1,nxpucs4634
1,nxpucs4635
1,nxpucs4636
1,nxpucs4637
1,nxpucs4638
0,nxpucs4639
1,nxpucs4640
1,nxpucs4641
0,nxpucs4642
0,nxpucs4643
1,nxpucs4644
1,nxpucs4645
1,nxpucs4646
1,nxpucs4647
1,nxpucs4648
1,nxpucs4649
1,nxpucs4650
0,nxpucs4651
1,nxpucs4652
1,nxpucs4653
1,nxpucs4654
1,nxpucs4655
1,nxpucs4656
1,nxpucs4657
1,nxpucs4658
1,nxpucs4659
1,nxpucs4660
1,nxpucs4661
0,nxpucs4662
0,nxpucs4663
1,nxpucs4664
1,nxpucs4665
1,nxpucs4666
1,nxpucs4667
1,nxpucs4668
1,nxpucs4669
1,nxpucs4670
1,nxpucs4671
1,nxpucs4672
1,nxpucs4673
1,nxpucs4674
1,nxpucs4675
1,nxpucs4676
1,nxpucs4677
0,nxpucs4678
1,nxpucs4679
1,nxpucs4680
1,nxpucs4681
0,nxpucs4682
1,nxpucs4683
0,nxpucs4684
1,nxpucs4685
1,nxpucs4686
1,nxpucs4687
1,nxpucs4688
0,nxpucs4689
1,nxpucs4690
1,nxpucs4691
1,nxpucs4692
1,nxpucs4693
1,nxpucs4694
1,nxpucs4695
1,nxpucs4696
1,nxpucs4697
1,nxpucs4698
1,nxpucs4699
1,nxpucs4700
1,nxpucs4701
1,nxpucs4702
1,nxpucs4703
1,nxpucs4704
1,nxpucs4705
1,nxpucs4706
1,nxpucs4707
0,nxpucs4708
1,nxpucs4709
1,nxpucs4710
1,nxpucs4711
1,nxpucs4712
1,nxpucs4713
1,nxpucs4714
1,nxpucs4715
0,nxpucs4716
1,nxpucs4717
1,nxpucs4718
1,nxpucs4719
0,nxpucs4720
0,nxpucs4721
1,nxpucs4722
1,nxpucs4723
1,nxpucs4724
1,nxpucs4725
1,nxpucs4726
1,nxpucs4727
1,nxpucs4728
1,nxpucs4729
1,nxpucs4730
1,nxpucs4731
1,nxpucs4732
1,nxpucs4733
1,nxpucs4734
1,nxpucs4735
1,nxpucs4736
1,nxpucs4737
1,nxpucs4738
0,nxpucs4739
1,nxpucs4740
0,nxpucs4741
1,nxpucs4742
1,nxpucs4743
1,nxpucs4744
1,nxpucs4745
1,nxpucs4746
1,nxpucs4747
1,nxpucs4748
1,nxpucs4749
0,nxpucs4750
1,nxpucs4751
1,nxpucs4752
0,nxpucs4753
1,nxpucs4754
1,nxpucs4755
1,nxpucs4756
1,nxpucs4757
1,nxpucs4758
1,nxpucs4759
1,nxpucs4760
1,nxpucs4761
0,nxpucs4762
1,nxpucs4763
1,nxpucs4764
1,nxpucs4765
0,nxpucs4766
1,nxpucs4767
1,nxpucs4768
1,nxpucs4769
1,nxpucs4770
0,nxpucs4771
1,nxpucs4772
1,nxpucs4773
1,nxpucs4774
0,nxpucs4775
1,nxpucs4776
1,nxpucs4777
1,nxpucs4778
1,nxpucs4779
1,nxpucs4780
0,nxpucs4781
1,nxpucs4782
1,nxpucs4783
1,nxpucs4784
1,nxpucs4785
1,nxpucs4786
1,nxpucs4787
1,nxpucs4788
1,nxpucs4789
1,nxpucs4790
1,nxpucs4791
1,nxpucs4792
1,nxpucs4793
1,nxpucs4794
1,nxpucs4795
1,nxpucs4796
1,nxpucs4797
1,nxpucs4798
1,nxpucs4799
1,nxpucs4800
1,nxpucs4801
1,nxpucs4802
1,nxpucs4803
1,nxpucs4804
1,nxpucs4805
1,nxpucs4806
1,nxpucs4807
1,nxpucs4808
1,nxpucs4809
1,nxpucs4810
1,nxpucs4811
1,nxpucs4812
1,nxpucs4813
1,nxpucs4814
1,nxpucs4815
1,nxpucs4816
1,nxpucs4817
1,nxpucs4818
1,nxpucs4819
1,nxpucs4820
1,nxpucs4821
1,nxpucs4822
1,nxpucs4823
1,nxpucs4824
0,nxpucs4825
1,nxpucs4826
1,nxpucs4827
1,nxpucs4828
1,nxpucs4829
1,nxpucs4830
1,nxpucs4831
0,nxpucs4832
1,nxpucs4833
1,nxpucs4834
1,nxpucs4835
1,nxpucs4836
1,nxpucs4837
1,nxpucs4838
1,nxpucs4839
1,nxpucs4840
1,nxpucs4841
1,nxpucs4842
1,nxpucs4843
1,nxpucs4844
1,nxpucs4845
0,nxpucs4846
1,nxpucs4847
1,nxpucs4848
1,nxpucs4849
1,nxpucs4850
1,nxpucs4851
1,nxpucs4852
1,nxpucs4853
0,nxpucs4854
1,nxpucs4855
1,nxpucs4856
1,nxpucs4857
1,nxpucs4858
1,nxpucs4859
0,nxpucs4860
1,nxpucs4861
1,nxpucs4862
1,nxpucs4863
1,nxpucs4864
1,nxpucs4865
1,nxpucs4866
1,nxpucs4867
0,nxpucs4868
1,nxpucs4869
0,nxpucs4870
1,nxpucs4871
1,nxpucs4872
1,nxpucs4873
1,nxpucs4874
1,nxpucs4875
0,nxpucs4876
1,nxpucs4877
1,nxpucs4878
1,nxpucs4879
1,nxpucs4880
1,nxpucs4881
1,nxpucs4882
1,nxpucs4883
1,nxpucs4884
0,nxpucs4885
1,nxpucs4886
1,nxpucs4887
1,nxpucs4888
1,nxpucs4889
1,nxpucs4890
1,nxpucs4891
1,nxpucs4892
1,nxpucs4893
1,nxpucs4894
0,nxpucs4895
1,nxpucs4896
1,nxpucs4897
1,nxpucs4898
1,nxpucs4899
0,nxpucs4900
0,nxpucs4901
1,nxpucs4902
1,nxpucs4903
0,nxpucs4904
1,nxpucs4905
1,nxpucs4906
1,nxpucs4907
1,nxpucs4908
0,nxpucs4909
1,nxpucs4910
1,nxpucs4911
1,nxpucs4912
1,nxpucs4913
1,nxpucs4914
1,nxpucs4915
1,nxpucs4916
1,nxpucs4917
0,nxpucs4918
0,nxpucs4919
0,nxpucs4920
1,nxpucs4921
1,nxpucs4922
1,nxpucs4923
1,nxpucs4924
1,nxpucs4925
1,nxpucs4926
1,nxpucs4927
1,nxpucs4928
1,nxpucs4929
1,nxpucs4930
1,nxpucs4931
1,nxpucs4932
0,nxpucs4933
0,nxpucs4934
1,nxpucs4935
1,nxpucs4936
0,nxpucs4937
1,nxpucs4938
1,nxpucs4939
1,nxpucs4940
1,nxpucs4941
1,nxpucs4942
1,nxpucs4943
1,nxpucs4944
1,nxpucs4945
1,nxpucs4946
1,nxpucs4947
1,nxpucs4948
1,nxpucs4949
1,nxpucs4950
1,nxpucs4951
1,nxpucs4952
1,nxpucs4953
0,nxpucs4954
0,nxpucs4955
1,nxpucs4956
1,nxpucs4957
1,nxpucs4958
1,nxpucs4959
1,nxpucs4960
1,nxpucs4961
1,nxpucs4962
1,nxpucs4963
1,nxpucs4964
1,nxpucs4965
1,nxpucs4966
1,nxpucs4967
1,nxpucs4968
1,nxpucs4969
1,nxpucs4970
1,nxpucs4971
1,nxpucs4972
1,nxpucs4973
1,nxpucs4974
1,nxpucs4975
1,nxpucs4976
1,nxpucs4977
1,nxpucs4978
1,nxpucs4979
1,nxpucs4980
1,nxpucs4981
1,nxpucs4982
1,nxpucs4983
1,nxpucs4984
1,nxpucs4985
1,nxpucs4986
1,nxpucs4987
1,nxpucs4988
1,nxpucs4989
1,nxpucs4990
1,nxpucs4991
1,nxpucs4992
1,nxpucs4993
1,nxpucs4994
1,nxpucs4995
1,nxpucs4996
1,nxpucs4997
1,nxpucs4998
1,nxpucs4999
1,nxpucs5000
1,nxpucs5001
1,nxpucs5002
0,nxpucs5003
1,nxpucs5004
1,nxpucs5005
1,nxpucs5006
1,nxpucs5007
1,nxpucs5008
1,nxpucs5009
1,nxpucs5010
1,nxpucs5011
0,nxpucs5012
1,nxpucs5013
1,nxpucs5014
1,nxpucs5015
0,nxpucs5016
0,nxpucs5017
1,nxpucs5018
1,nxpucs5019
1,nxpucs5020
0,nxpucs5021
1,nxpucs5022
1,nxpucs5023
1,nxpucs5024
1,nxpucs5025
1,nxpucs5026
1,nxpucs5027
1,nxpucs5028
1,nxpucs5029
1,nxpucs5030
1,nxpucs5031
1,nxpucs5032
1,nxpucs5033
1,nxpucs5034
1,nxpucs5035
1,nxpucs5036
1,nxpucs5037
1,nxpucs5038
1,nxpucs5039
1,nxpucs5040
1,nxpucs5041
1,nxpucs5042
1,nxpucs5043
1,nxpucs5044
1,nxpucs5045
1,nxpucs5046
1,nxpucs5047
1,nxpucs5048
1,nxpucs5049
1,nxpucs5050
1,nxpucs5051
1,nxpucs5052
0,nxpucs5053
0,nxpucs5054
1,nxpucs5055
1,nxpucs5056
1,nxpucs5057
0,nxpucs5058
0,nxpucs5059
1,nxpucs5060
1,nxpucs5061
1,nxpucs5062
1,nxpucs5063
1,nxpucs5064
1,nxpucs5065
1,nxpucs5066
1,nxpucs5067
1,nxpucs5068
0,nxpucs5069
1,nxpucs5070
1,nxpucs5071
1,nxpucs5072
1,nxpucs5073
1,nxpucs5074
1,nxpucs5075
1,nxpucs5076
1,nxpucs5077
1,nxpucs5078
1,nxpucs5079
1,nxpucs5080
1,nxpucs5081
1,nxpucs5082
1,nxpucs5083
1,nxpucs5084
1,nxpucs5085
1,nxpucs5086
1,nxpucs5087
1,nxpucs5088
1,nxpucs5089
1,nxpucs5090
1,nxpucs5091
1,nxpucs5092
1,nxpucs5093
1,nxpucs5094
0,nxpucs5095
1,nxpucs5096
1,nxpucs5097
1,nxpucs5098
1,nxpucs5099
1,nxpucs5100
1,nxpucs5101
1,nxpucs5102
1,nxpucs5103
1,nxpucs5104
0,nxpucs5105
1,nxpucs5106
1,nxpucs5107
1,nxpucs5108
1,nxpucs5109
1,nxpucs5110
1,nxpucs5111
1,nxpucs5112
1,nxpucs5113
1,nxpucs5114
1,nxpucs5115
1,nxpucs5116
1,nxpucs5117
1,nxpucs5118
1,nxpucs5119
1,nxpucs5120
1,nxpucs5121
0,nxpucs5122
1,nxpucs5123
1,nxpucs5124
1,nxpucs5125
1,nxpucs5126
1,nxpucs5127
1,nxpucs5128
1,nxpucs5129
1,nxpucs5130
1,nxpucs5131
1,nxpucs5132
1,nxpucs5133
1,nxpucs5134
1,nxpucs5135
0,nxpucs5136
0,nxpucs5137
1,nxpucs5138
0,nxpucs5139
1,nxpucs5140
1,nxpucs5141
1,nxpucs5142
1,nxpucs5143
1,nxpucs5144
1,nxpucs5145
0,nxpucs5146
1,nxpucs5147
1,nxpucs5148
1,nxpucs5149
1,nxpucs5150
1,nxpucs5151
1,nxpucs5152
0,nxpucs5153
1,nxpucs5154
1,nxpucs5155
1,nxpucs5156
1,nxpucs5157
0,nxpucs5158
1,nxpucs5159
1,nxpucs5160
1,nxpucs5161
1,nxpucs5162
0,nxpucs5163
1,nxpucs5164
1,nxpucs5165
1,nxpucs5166
1,nxpucs5167
1,nxpucs5168
1,nxpucs5169
1,nxpucs5170
1,nxpucs5171
1,nxpucs5172
0,nxpucs5173
1,nxpucs5174
1,nxpucs5175
1,nxpucs5176
1,nxpucs5177
0,nxpucs5178
1,nxpucs5179
1,nxpucs5180
1,nxpucs5181
1,nxpucs5182
1,nxpucs5183
1,nxpucs5184
1,nxpucs5185
1,nxpucs5186
1,nxpucs5187
1,nxpucs5188
1,nxpucs5189
1,nxpucs5190
1,nxpucs5191
1,nxpucs5192
0,nxpucs5193
1,nxpucs5194
1,nxpucs5195
1,nxpucs5196
1,nxpucs5197
1,nxpucs5198
1,nxpucs5199
1,nxpucs5200
1,nxpucs5201
1,nxpucs5202
1,nxpucs5203
0,nxpucs5204
0,nxpucs5205
1,nxpucs5206
1,nxpucs5207
1,nxpucs5208
1,nxpucs5209
1,nxpucs5210
1,nxpucs5211
0,nxpucs5212
1,nxpucs5213
1,nxpucs5214
1,nxpucs5215
1,nxpucs5216
1,nxpucs5217
1,nxpucs5218
1,nxpucs5219
1,nxpucs5220
1,nxpucs5221
1,nxpucs5222
0,nxpucs5223
1,nxpucs5224
0,nxpucs5225
0,nxpucs5226
1,nxpucs5227
1,nxpucs5228
1,nxpucs5229
0,nxpucs5230
1,nxpucs5231
0,nxpucs5232
1,nxpucs5233
0,nxpucs5234
1,nxpucs5235
1,nxpucs5236
1,nxpucs5237
0,nxpucs5238
1,nxpucs5239
1,nxpucs5240
1,nxpucs5241
1,nxpucs5242
1,nxpucs5243
1,nxpucs5244
1,nxpucs5245
0,nxpucs5246
1,nxpucs5247
1,nxpucs5248
1,nxpucs5249
1,nxpucs5250
1,nxpucs5251
1,nxpucs5252
1,nxpucs5253
1,nxpucs5254
1,nxpucs5255
1,nxpucs5256
1,nxpucs5257
1,nxpucs5258
1,nxpucs5259
1,nxpucs5260
1,nxpucs5261
1,nxpucs5262
1,nxpucs5263
1,nxpucs5264
1,nxpucs5265
1,nxpucs5266
1,nxpucs5267
1,nxpucs5268
1,nxpucs5269
0,nxpucs5270
0,nxpucs5271
0,nxpucs5272
1,nxpucs5273
1,nxpucs5274
1,nxpucs5275
1,nxpucs5276
1,nxpucs5277
1,nxpucs5278
1,nxpucs5279
1,nxpucs5280
1,nxpucs5281
1,nxpucs5282
1,nxpucs5283
1,nxpucs5284
1,nxpucs5285
1,nxpucs5286
1,nxpucs5287
1,nxpucs5288
0,nxpucs5289
1,nxpucs5290
1,nxpucs5291
1,nxpucs5292
1,nxpucs5293
0,nxpucs5294
1,nxpucs5295
1,nxpucs5296
1,nxpucs5297
1,nxpucs5298
1,nxpucs5299
1,nxpucs5300
1,nxpucs5301
1,nxpucs5302
1,nxpucs5303
1,nxpucs5304
1,nxpucs5305
1,nxpucs5306
1,nxpucs5307
1,nxpucs5308
1,nxpucs5309
1,nxpucs5310
0,nxpucs5311
1,nxpucs5312
1,nxpucs5313
1,nxpucs5314
1,nxpucs5315
1,nxpucs5316
0,nxpucs5317
1,nxpucs5318
1,nxpucs5319
1,nxpucs5320
1,nxpucs5321
1,nxpucs5322
1,nxpucs5323
1,nxpucs5324
1,nxpucs5325
1,nxpucs5326
1,nxpucs5327
1,nxpucs5328
0,nxpucs5329
0,nxpucs5330
1,nxpucs5331
1,nxpucs5332
1,nxpucs5333
1,nxpucs5334
1,nxpucs5335
1,nxpucs5336
1,nxpucs5337
1,nxpucs5338
1,nxpucs5339
1,nxpucs5340
1,nxpucs5341
0,nxpucs5342
1,nxpucs5343
1,nxpucs5344
1,nxpucs5345
1,nxpucs5346
1,nxpucs5347
1,nxpucs5348
1,nxpucs5349
1,nxpucs5350
1,nxpucs5351
1,nxpucs5352
1,nxpucs5353
1,nxpucs5354
1,nxpucs5355
1,nxpucs5356
1,nxpucs5357
1,nxpucs5358
1,nxpucs5359
1,nxpucs5360
1,nxpucs5361
1,nxpucs5362
1,nxpucs5363
1,nxpucs5364
1,nxpucs5365
1,nxpucs5366
1,nxpucs5367
1,nxpucs5368
1,nxpucs5369
1,nxpucs5370
1,nxpucs5371
1,nxpucs5372
1,nxpucs5373
1,nxpucs5374
0,nxpucs5375
1,nxpucs5376
1,nxpucs5377
1,nxpucs5378
1,nxpucs5379
1,nxpucs5380
1,nxpucs5381
1,nxpucs5382
1,nxpucs5383
0,nxpucs5384
1,nxpucs5385
0,nxpucs5386
1,nxpucs5387
1,nxpucs5388
1,nxpucs5389
1,nxpucs5390
1,nxpucs5391
1,nxpucs5392
1,nxpucs5393
1,nxpucs5394
1,nxpucs5395
1,nxpucs5396
1,nxpucs5397
1,nxpucs5398
1,nxpucs5399
1,nxpucs5400
1,nxpucs5401
1,nxpucs5402
1,nxpucs5403
1,nxpucs5404
1,nxpucs5405
0,nxpucs5406
1,nxpucs5407
1,nxpucs5408
1,nxpucs5409
1,nxpucs5410
1,nxpucs5411
1,nxpucs5412
1,nxpucs5413
1,nxpucs5414
1,nxpucs5415
0,nxpucs5416
1,nxpucs5417
1,nxpucs5418
1,nxpucs5419
1,nxpucs5420
1,nxpucs5421
1,nxpucs5422
1,nxpucs5423
1,nxpucs5424
1,nxpucs5425
1,nxpucs5426
1,nxpucs5427
1,nxpucs5428
0,nxpucs5429
1,nxpucs5430
1,nxpucs5431
1,nxpucs5432
1,nxpucs5433
1,nxpucs5434
1,nxpucs5435
1,nxpucs5436
1,nxpucs5437
1,nxpucs5438
1,nxpucs5439
1,nxpucs5440
1,nxpucs5441
1,nxpucs5442
1,nxpucs5443
1,nxpucs5444
1,nxpucs5445
1,nxpucs5446
1,nxpucs5447
1,nxpucs5448
1,nxpucs5449
0,nxpucs5450
1,nxpucs5451
1,nxpucs5452
1,nxpucs5453
1,nxpucs5454
1,nxpucs5455
1,nxpucs5456
1,nxpucs5457
0,nxpucs5458
1,nxpucs5459
1,nxpucs5460
1,nxpucs5461
1,nxpucs5462
1,nxpucs5463
1,nxpucs5464
1,nxpucs5465
1,nxpucs5466
1,nxpucs5467
1,nxpucs5468
1,nxpucs5469
1,nxpucs5470
1,nxpucs5471
1,nxpucs5472
1,nxpucs5473
1,nxpucs5474
1,nxpucs5475
1,nxpucs5476
1,nxpucs5477
1,nxpucs5478
1,nxpucs5479
1,nxpucs5480
1,nxpucs5481
1,nxpucs5482
0,nxpucs5483
1,nxpucs5484
1,nxpucs5485
1,nxpucs5486
1,nxpucs5487
1,nxpucs5488
1,nxpucs5489
1,nxpucs5490
1,nxpucs5491
1,nxpucs5492
1,nxpucs5493
1,nxpucs5494
1,nxpucs5495
1,nxpucs5496
1,nxpucs5497
1,nxpucs5498
1,nxpucs5499
1,nxpucs5500
1,nxpucs5501
1,nxpucs5502
0,nxpucs5503
1,nxpucs5504
0,nxpucs5505
1,nxpucs5506
1,nxpucs5507
1,nxpucs5508
0,nxpucs5509
1,nxpucs5510
1,nxpucs5511
1,nxpucs5512
1,nxpucs5513
1,nxpucs5514
0,nxpucs5515
1,nxpucs5516
1,nxpucs5517
1,nxpucs5518
0,nxpucs5519
1,nxpucs5520
1,nxpucs5521
0,nxpucs5522
1,nxpucs5523
1,nxpucs5524
1,nxpucs5525
1,nxpucs5526
1,nxpucs5527
0,nxpucs5528
1,nxpucs5529
1,nxpucs5530
1,nxpucs5531
1,nxpucs5532
1,nxpucs5533
0,nxpucs5534
1,nxpucs5535
1,nxpucs5536
1,nxpucs5537
1,nxpucs5538
1,nxpucs5539
1,nxpucs5540
1,nxpucs5541
1,nxpucs5542
1,nxpucs5543
1,nxpucs5544
1,nxpucs5545
1,nxpucs5546
1,nxpucs5547
1,nxpucs5548
1,nxpucs5549
1,nxpucs5550
1,nxpucs5551
1,nxpucs5552
1,nxpucs5553
1,nxpucs5554
1,nxpucs5555
1,nxpucs5556
1,nxpucs5557
1,nxpucs5558
1,nxpucs5559
1,nxpucs5560
1,nxpucs5561
1,nxpucs5562
1,nxpucs5563
0,nxpucs5564
0,nxpucs5565
1,nxpucs5566
1,nxpucs5567
1,nxpucs5568
1,nxpucs5569
1,nxpucs5570
0,nxpucs5571
1,nxpucs5572
1,nxpucs5573
1,nxpucs5574
1,nxpucs5575
1,nxpucs5576
1,nxpucs5577
1,nxpucs5578
1,nxpucs5579
1,nxpucs5580
1,nxpucs5581
1,nxpucs5582
1,nxpucs5583
1,nxpucs5584
1,nxpucs5585
1,nxpucs5586
0,nxpucs5587
1,nxpucs5588
1,nxpucs5589
1,nxpucs5590
1,nxpucs5591
1,nxpucs5592
1,nxpucs5593
1,nxpucs5594
1,nxpucs5595
1,nxpucs5596
1,nxpucs5597
1,nxpucs5598
1,nxpucs5599
1,nxpucs5600
1,nxpucs5601
1,nxpucs5602
1,nxpucs5603
1,nxpucs5604
1,nxpucs5605
1,nxpucs5606
1,nxpucs5607
1,nxpucs5608
1,nxpucs5609
0,nxpucs5610
1,nxpucs5611
1,nxpucs5612
0,nxpucs5613
1,nxpucs5614
1,nxpucs5615
1,nxpucs5616
1,nxpucs5617
1,nxpucs5618
1,nxpucs5619
1,nxpucs5620
1,nxpucs5621
1,nxpucs5622
1,nxpucs5623
1,nxpucs5624
1,nxpucs5625
1,nxpucs5626
1,nxpucs5627
1,nxpucs5628
1,nxpucs5629
1,nxpucs5630
0,nxpucs5631
1,nxpucs5632
1,nxpucs5633
1,nxpucs5634
1,nxpucs5635
0,nxpucs5636
1,nxpucs5637
1,nxpucs5638
1,nxpucs5639
1,nxpucs5640
1,nxpucs5641
1,nxpucs5642
1,nxpucs5643
1,nxpucs5644
1,nxpucs5645
1,nxpucs5646
1,nxpucs5647
1,nxpucs5648
0,nxpucs5649
1,nxpucs5650
1,nxpucs5651
1,nxpucs5652
1,nxpucs5653
1,nxpucs5654
1,nxpucs5655
1,nxpucs5656
1,nxpucs5657
1,nxpucs5658
1,nxpucs5659
1,nxpucs5660
0,nxpucs5661
1,nxpucs5662
1,nxpucs5663
0,nxpucs5664
1,nxpucs5665
1,nxpucs5666
1,nxpucs5667
1,nxpucs5668
0,nxpucs5669
1,nxpucs5670
1,nxpucs5671
1,nxpucs5672
1,nxpucs5673
1,nxpucs5674
1,nxpucs5675
1,nxpucs5676
1,nxpucs5677
1,nxpucs5678
1,nxpucs5679
1,nxpucs5680
1,nxpucs5681
1,nxpucs5682
1,nxpucs5683
0,nxpucs5684
1,nxpucs5685
1,nxpucs5686
1,nxpucs5687
1,nxpucs5688
1,nxpucs5689
1,nxpucs5690
0,nxpucs5691
1,nxpucs5692
0,nxpucs5693
0,nxpucs5694
1,nxpucs5695
0,nxpucs5696
1,nxpucs5697
1,nxpucs5698
1,nxpucs5699
0,nxpucs5700
1,nxpucs5701
1,nxpucs5702
1,nxpucs5703
1,nxpucs5704
1,nxpucs5705
1,nxpucs5706
1,nxpucs5707
1,nxpucs5708
1,nxpucs5709
1,nxpucs5710
1,nxpucs5711
1,nxpucs5712
1,nxpucs5713
0,nxpucs5714
1,nxpucs5715
1,nxpucs5716
0,nxpucs5717
1,nxpucs5718
0,nxpucs5719
1,nxpucs5720
1,nxpucs5721
1,nxpucs5722
1,nxpucs5723
1,nxpucs5724
1,nxpucs5725
1,nxpucs5726
1,nxpucs5727
1,nxpucs5728
1,nxpucs5729
1,nxpucs5730
1,nxpucs5731
0,nxpucs5732
1,nxpucs5733
1,nxpucs5734
1,nxpucs5735
1,nxpucs5736
0,nxpucs5737
1,nxpucs5738
1,nxpucs5739
1,nxpucs5740
1,nxpucs5741
1,nxpucs5742
1,nxpucs5743
1,nxpucs5744
0,nxpucs5745
1,nxpucs5746
1,nxpucs5747
0,nxpucs5748
0,nxpucs5749
1,nxpucs5750
1,nxpucs5751
0,nxpucs5752
1,nxpucs5753
1,nxpucs5754
1,nxpucs5755
1,nxpucs5756
1,nxpucs5757
1,nxpucs5758
1,nxpucs5759
0,nxpucs5760
1,nxpucs5761
1,nxpucs5762
1,nxpucs5763
0,nxpucs5764
1,nxpucs5765
1,nxpucs5766
1,nxpucs5767
1,nxpucs5768
1,nxpucs5769
1,nxpucs5770
1,nxpucs5771
1,nxpucs5772
1,nxpucs5773
1,nxpucs5774
1,nxpucs5775
1,nxpucs5776
0,nxpucs5777
1,nxpucs5778
1,nxpucs5779
1,nxpucs5780
1,nxpucs5781
1,nxpucs5782
1,nxpucs5783
1,nxpucs5784
1,nxpucs5785
1,nxpucs5786
1,nxpucs5787
1,nxpucs5788
1,nxpucs5789
1,nxpucs5790
1,nxpucs5791
1,nxpucs5792
0,nxpucs5793
1,nxpucs5794
1,nxpucs5795
1,nxpucs5796
1,nxpucs5797
0,nxpucs5798
1,nxpucs5799
1,nxpucs5800
1,nxpucs5801
0,nxpucs5802
1,nxpucs5803
1,nxpucs5804
1,nxpucs5805
1,nxpucs5806
1,nxpucs5807
1,nxpucs5808
0,nxpucs5809
1,nxpucs5810
1,nxpucs5811
1,nxpucs5812
1,nxpucs5813
0,nxpucs5814
1,nxpucs5815
1,nxpucs5816
1,nxpucs5817
1,nxpucs5818
1,nxpucs5819
1,nxpucs5820
0,nxpucs5821
1,nxpucs5822
1,nxpucs5823
1,nxpucs5824
1,nxpucs5825
1,nxpucs5826
0,nxpucs5827
1,nxpucs5828
1,nxpucs5829
1,nxpucs5830
1,nxpucs5831
1,nxpucs5832
1,nxpucs5833
1,nxpucs5834
1,nxpucs5835
1,nxpucs5836
1,nxpucs5837
1,nxpucs5838
1,nxpucs5839
1,nxpucs5840
1,nxpucs5841
1,nxpucs5842
1,nxpucs5843
1,nxpucs5844
1,nxpucs5845
1,nxpucs5846
1,nxpucs5847
1,nxpucs5848
1,nxpucs5849
1,nxpucs5850
1,nxpucs5851
0,nxpucs5852
1,nxpucs5853
1,nxpucs5854
1,nxpucs5855
1,nxpucs5856
1,nxpucs5857
1,nxpucs5858
1,nxpucs5859
1,nxpucs5860
1,nxpucs5861
0,nxpucs5862
1,nxpucs5863
1,nxpucs5864
1,nxpucs5865
1,nxpucs5866
1,nxpucs5867
1,nxpucs5868
1,nxpucs5869
0,nxpucs5870
0,nxpucs5871
1,nxpucs5872
1,nxpucs5873
1,nxpucs5874
1,nxpucs5875
0,nxpucs5876
1,nxpucs5877
1,nxpucs5878
1,nxpucs5879
1,nxpucs5880
1,nxpucs5881
1,nxpucs5882
1,nxpucs5883
1,nxpucs5884
1,nxpucs5885
1,nxpucs5886
1,nxpucs5887
1,nxpucs5888
0,nxpucs5889
1,nxpucs5890
1,nxpucs5891
1,nxpucs5892
1,nxpucs5893
1,nxpucs5894
1,nxpucs5895
0,nxpucs5896
1,nxpucs5897
1,nxpucs5898
0,nxpucs5899
1,nxpucs5900
1,nxpucs5901
1,nxpucs5902
1,nxpucs5903
1,nxpucs5904
1,nxpucs5905
1,nxpucs5906
1,nxpucs5907
1,nxpucs5908
1,nxpucs5909
1,nxpucs5910
1,nxpucs5911
1,nxpucs5912
1,nxpucs5913
1,nxpucs5914
1,nxpucs5915
1,nxpucs5916
0,nxpucs5917
0,nxpucs5918
1,nxpucs5919
1,nxpucs5920
1,nxpucs5921
1,nxpucs5922
1,nxpucs5923
1,nxpucs5924
1,nxpucs5925
1,nxpucs5926
1,nxpucs5927
1,nxpucs5928
1,nxpucs5929
1,nxpucs5930
1,nxpucs5931
1,nxpucs5932
0,nxpucs5933
1,nxpucs5934
1,nxpucs5935
1,nxpucs5936
1,nxpucs5937
1,nxpucs5938
1,nxpucs5939
1,nxpucs5940
1,nxpucs5941
1,nxpucs5942
0,nxpucs5943
0,nxpucs5944
0,nxpucs5945
1,nxpucs5946
0,nxpucs5947
1,nxpucs5948
1,nxpucs5949
1,nxpucs5950
1,nxpucs5951
1,nxpucs5952
1,nxpucs5953
1,nxpucs5954
1,nxpucs5955
1,nxpucs5956
0,nxpucs5957
0,nxpucs5958
0,nxpucs5959
1,nxpucs5960
1,nxpucs5961
1,nxpucs5962
0,nxpucs5963
1,nxpucs5964
1,nxpucs5965
0,nxpucs5966
1,nxpucs5967
1,nxpucs5968
0,nxpucs5969
1,nxpucs5970
1,nxpucs5971
1,nxpucs5972
1,nxpucs5973
1,nxpucs5974
1,nxpucs5975
1,nxpucs5976
1,nxpucs5977
1,nxpucs5978
1,nxpucs5979
1,nxpucs5980
1,nxpucs5981
1,nxpucs5982
1,nxpucs5983
1,nxpucs5984
1,nxpucs5985
1,nxpucs5986
1,nxpucs5987
1,nxpucs5988
1,nxpucs5989
1,nxpucs5990
1,nxpucs5991
1,nxpucs5992
0,nxpucs5993
1,nxpucs5994
1,nxpucs5995
1,nxpucs5996
1,nxpucs5997
1,nxpucs5998
1,nxpucs5999
